course_id,course_title,url,is_paid,price,num_subscribers,num_reviews,num_lectures,level,content_duration,published_timestamp,subject
DNYCgsyOAW4,Finance for Dummies | Corporate Finance - basic terms | Finance for Beginners,https://www.youtube.com/watch?v=DNYCgsyOAW4,False,0,262852,300,1,Beginner Level,0.16,2021-06-02T13:08:00Z,Business Finance
zq97CuuV3Ek,Top 3 Finance Courses for Beginners (FREE) ✨Don’t Miss!,https://www.youtube.com/watch?v=zq97CuuV3Ek,False,0,123211,213,1,Beginner Level,0.09,2025-06-23T13:30:54Z,Business Finance
A9Xq3FGjpZA,Explaining Basic Financial Concepts YOU Should Understand,https://www.youtube.com/watch?v=A9Xq3FGjpZA,False,0,961802,695,1,All Levels,0.2,2025-08-08T06:45:56Z,Business Finance
VYvOlggk0e4,What is Corporate Finance? | From A Business Professor,https://www.youtube.com/watch?v=VYvOlggk0e4,False,0,40641,11,1,Beginner Level,0.12,2025-01-15T05:00:27Z,Business Finance
GWVl7kZKNgc,Finance Career Paths Explained,https://www.youtube.com/watch?v=GWVl7kZKNgc,False,0,150968,79,1,All Levels,0.18,2024-07-26T12:25:25Z,Business Finance
pi4USNdRdeY,10 Best Free Finance Courses for Beginners | Career & Jobs | Himani Chaudhary,https://www.youtube.com/watch?v=pi4USNdRdeY,False,0,113358,133,1,Beginner Level,0.07,2023-10-12T14:00:35Z,Business Finance
2xr2HuwHlg8,Financial Management Explained in 11 minutes,https://www.youtube.com/watch?v=2xr2HuwHlg8,False,0,109666,36,1,All Levels,0.19,2025-05-13T15:45:33Z,Business Finance
-EyyTeIFsmc,Top 5 Finance Skills HIGH IN DEMAND + Resources to Get a Finance Job,https://www.youtube.com/watch?v=-EyyTeIFsmc,False,0,841594,760,1,All Levels,0.15,2022-10-08T13:30:01Z,Business Finance
MKLd1iw1lFw,Introduction to Financial Management【Dr. Deric】,https://www.youtube.com/watch?v=MKLd1iw1lFw,False,0,238731,52,1,Beginner Level,0.2,2023-04-08T06:13:17Z,Business Finance
Gh7urePE9r4,FREE 7 Finance Courses to get The Best Jobs in 2024-2025,https://www.youtube.com/watch?v=Gh7urePE9r4,False,0,296758,254,1,All Levels,0.11,2024-05-13T14:02:55Z,Business Finance
Tdu0QPfoYZQ,Session 1: Corporate Finance: What is it?,https://www.youtube.com/watch?v=Tdu0QPfoYZQ,False,0,484887,183,1,Beginner Level,0.29,2014-08-19T18:48:28Z,Business Finance
JT3DE-FEsUw,Types of Financial Institutions: Intro to Banking Course | Part 1,https://www.youtube.com/watch?v=JT3DE-FEsUw,False,0,195399,95,1,Beginner Level,0.21,2020-09-16T17:00:10Z,Business Finance
4XZIv4__sQA,Financial Literacy - A Beginners Guide to Financial Education,https://www.youtube.com/watch?v=4XZIv4__sQA,False,0,949485,1151,1,Beginner Level,0.3,2020-11-19T15:00:02Z,Business Finance
HrPnfYsJTJg,The Ultimate Guide to Business Finance! Pt 1 (Arabic/Mandarin/Spanish/Hindi/Malay/Portuguese),https://www.youtube.com/watch?v=HrPnfYsJTJg,False,0,38,0,1,All Levels,0.22,2022-09-04T23:00:04Z,Business Finance
q5JWp47z4bY,Financial Education | The 4 Rules Of Being Financially Literate,https://www.youtube.com/watch?v=q5JWp47z4bY,False,0,1421336,1633,1,All Levels,0.21,2020-07-29T15:00:29Z,Business Finance
AYyzkfkeE-8,What is Financial Modeling? (Full Beginner’s Guide),https://www.youtube.com/watch?v=AYyzkfkeE-8,False,0,15978,0,1,Beginner Level,0.19,2025-07-04T15:00:17Z,Business Finance
JyYrQTLxM70,Start Your Own Business Finance Training Overview,https://www.youtube.com/watch?v=JyYrQTLxM70,False,0,7,0,1,All Levels,0.14,2018-10-19T14:31:07Z,Business Finance
4d_wy6KFe6g,The Fastest Way To Become a Financial Analyst (аnd Get a Job),https://www.youtube.com/watch?v=4d_wy6KFe6g,False,0,183311,116,1,Beginner Level,0.11,2024-01-25T10:00:14Z,Business Finance
rDZOGfDanyY,*ULTIMATE* Guide To Become Investment Banker in 2025 & 26 | Shirish Gupta,https://www.youtube.com/watch?v=rDZOGfDanyY,False,0,151421,184,1,Beginner Level,0.15,2025-05-17T14:01:12Z,Business Finance
Eb9UuOltqYY,Business & Finance Training - The Basics,https://www.youtube.com/watch?v=Eb9UuOltqYY,False,0,901,0,1,Beginner Level,0.11,2019-03-30T18:40:28Z,Business Finance
8F9ZPmOWQ6w,My Finance Degree in 9 Minutes,https://www.youtube.com/watch?v=8F9ZPmOWQ6w,False,0,109755,151,1,All Levels,0.16,2023-05-06T13:23:14Z,Business Finance
6Sd-C-B7FjM,Top 10 Free Certifications in Finance,https://www.youtube.com/watch?v=6Sd-C-B7FjM,False,0,80990,64,1,Beginner Level,0.24,2024-08-27T14:30:04Z,Business Finance
yLNbjakBzho,Business & Finance Training - IR,https://www.youtube.com/watch?v=yLNbjakBzho,False,0,465,0,1,All Levels,0.13,2019-03-30T20:23:35Z,Business Finance
jxgrdxmzzg4,Business & Finance Training - P Card,https://www.youtube.com/watch?v=jxgrdxmzzg4,False,0,541,0,1,All Levels,0.17,2019-03-30T20:38:33Z,Business Finance
XhOxe_x5kF8,Increase Financial IQ | Earn More Money & Achieve Financial Freedom,https://www.youtube.com/watch?v=XhOxe_x5kF8,False,0,406527,154,1,All Levels,0.25,2023-11-25T03:00:11Z,Business Finance
UOwi7MBSfhk,An introduction to financial markets - MoneyWeek Investment Tutorials,https://www.youtube.com/watch?v=UOwi7MBSfhk,False,0,288570,177,1,Beginner Level,0.15,2011-04-01T16:42:46Z,Business Finance
JVtUcM1sWQw,What is Quantitative Finance? 📈 Intro for Aspiring Quants,https://www.youtube.com/watch?v=JVtUcM1sWQw,False,0,706401,240,1,Beginner Level,0.2,2025-03-31T10:00:37Z,Business Finance
HNGHZW8urBA,Ultimate Beginner's Guide to Finance Business Partnering,https://www.youtube.com/watch?v=HNGHZW8urBA,False,0,1309,0,1,Beginner Level,0.24,2025-09-02T15:00:23Z,Business Finance
pbw1haJjJRo,How to Become a Financial Analyst in 2025 (Full Roadmap),https://www.youtube.com/watch?v=pbw1haJjJRo,False,0,32614,38,1,Expert Level,0.1,2025-08-19T14:01:17Z,Business Finance
9Rj5ANsWvRM,Business & Finance Training - Reimbursements,https://www.youtube.com/watch?v=9Rj5ANsWvRM,False,0,552,0,1,All Levels,0.14,2019-03-30T20:57:22Z,Business Finance
ps5ZkixrMDQ,Builder's Guide To Accounting Chapter 14 Highlighting Guide Florida Business and Finance Exam,https://www.youtube.com/watch?v=ps5ZkixrMDQ,False,0,94,1,1,All Levels,0.08,2025-09-25T14:01:23Z,Business Finance
3TG4xUr4ihM,The Ultimate Guide to Business Finance! Pt 2 (Arabic/Mandarin/Spanish/Hindi/Portuguese),https://www.youtube.com/watch?v=3TG4xUr4ihM,False,0,23,0,1,All Levels,0.23,2022-09-05T23:00:03Z,Business Finance
9VhYah3Hdnc,Class 11th – Exercises On Sources of Business Finance | Business studies | Tutorials Point,https://www.youtube.com/watch?v=9VhYah3Hdnc,False,0,472,0,1,All Levels,0.1,2018-01-09T13:28:07Z,Business Finance
rN-DdG_RRc0,Intro to our Manage Your Business Finance Training Program,https://www.youtube.com/watch?v=rN-DdG_RRc0,False,0,10,0,1,Beginner Level,0.13,2019-07-19T14:08:52Z,Business Finance
9Jp5Bx0D8u0,How to Read Financial Statements: Beginner’s Guide to Financial Analysis Part 3 | CFI Course,https://www.youtube.com/watch?v=9Jp5Bx0D8u0,False,0,2495,0,1,Beginner Level,0.26,2025-04-14T11:30:14Z,Business Finance
B5kQX5PYYkY,Accounting & Business Finance Student Study App - Business Finance Guide -BFG,https://www.youtube.com/watch?v=B5kQX5PYYkY,False,0,394,3,1,All Levels,0.08,2017-01-22T04:07:16Z,Business Finance
asilvvlmerY,Business & Finance Training - Check Request,https://www.youtube.com/watch?v=asilvvlmerY,False,0,582,0,1,All Levels,0.16,2019-03-30T19:52:05Z,Business Finance
V7EqGJquJ0I,Business & Finance Training - Transfer,https://www.youtube.com/watch?v=V7EqGJquJ0I,False,0,443,0,1,All Levels,0.13,2019-03-30T21:07:52Z,Business Finance
MYVL1XHeB74,Financing Options for Small Businesses: Crash Course Entrepreneurship #16,https://www.youtube.com/watch?v=MYVL1XHeB74,False,0,197963,74,1,All Levels,0.18,2019-12-04T22:30:01Z,Business Finance
hbJI5jaEgK0,Step-By-Step Guide to Make a Career in Finance | Jobs and Salaries,https://www.youtube.com/watch?v=hbJI5jaEgK0,False,0,56531,133,1,Beginner Level,0.14,2024-12-07T12:53:43Z,Business Finance
-4bmmadFrPk,Ultimate Beginner’s Guide to FP&A | Financial Planning & Analysis,https://www.youtube.com/watch?v=-4bmmadFrPk,False,0,62684,73,1,Beginner Level,0.29,2025-04-30T21:30:07Z,Business Finance
uoVa-9w6JuI,Finance Tutorial,https://www.youtube.com/watch?v=uoVa-9w6JuI,False,0,1643,0,1,All Levels,0.33,2016-04-12T08:42:48Z,Business Finance
ZP0hQ__5mY8,Class 11th – Sources Of Business Finance – Introduction | Business studies | Tutorials Point,https://www.youtube.com/watch?v=ZP0hQ__5mY8,False,0,15524,9,1,Beginner Level,0.18,2018-01-09T12:10:35Z,Business Finance
w3xwmGDW418,5 Things I Wish I Knew Before Graduating With a Finance Degree,https://www.youtube.com/watch?v=w3xwmGDW418,False,0,90905,136,1,Expert Level,0.14,2022-10-04T15:44:56Z,Business Finance
HTNqU3Bspmk,Power Project Finance Training Course,https://www.youtube.com/watch?v=HTNqU3Bspmk,False,0,410,1,1,All Levels,0.14,2014-01-17T15:44:26Z,Business Finance
VgissXrFn7A,Builder's Guide To Accounting Appendix Review for the Florida Business & Finance Exam,https://www.youtube.com/watch?v=VgissXrFn7A,False,0,1147,12,1,All Levels,0.08,2025-01-21T18:19:48Z,Business Finance
E0w5tN77vPk,"How  to Become Financial Analyst | Financial Analyst - Skills , Salary and Job Opportunities",https://www.youtube.com/watch?v=E0w5tN77vPk,False,0,205131,221,1,All Levels,0.15,2024-01-22T12:56:37Z,Business Finance
S-kBRk9ZpZY,Financial Management (Tutorial 5),https://www.youtube.com/watch?v=S-kBRk9ZpZY,False,0,64,0,1,All Levels,0.21,2020-07-19T10:58:23Z,Business Finance
P0ASZFw7eTQ,JAMB Commerce CBT Tutorial 2025 Likely Questions On Business Finance (Top 20),https://www.youtube.com/watch?v=P0ASZFw7eTQ,False,0,12,0,1,All Levels,0.09,2025-03-09T04:22:06Z,Business Finance
y1PUV7a-hY8,Finance Training for Directors and Business Owners,https://www.youtube.com/watch?v=y1PUV7a-hY8,False,0,30,0,1,All Levels,0.1,2013-09-23T19:01:24Z,Business Finance
Jap42EOEQ18,The ONLY Video Self Taught Graphic Designers Need,https://www.youtube.com/watch?v=Jap42EOEQ18,False,0,63788,104,1,Expert Level,0.21,2025-06-09T11:00:13Z,Graphic Design
Fdi7eaB5OMg,Where Do You Start as a Graphic Designer?,https://www.youtube.com/watch?v=Fdi7eaB5OMg,False,0,343382,187,1,Beginner Level,0.14,2023-06-15T11:00:10Z,Graphic Design
dFSia1LZI4Y,What is Graphic Design? Ep1/45 [Beginners Guide to Graphic Design],https://www.youtube.com/watch?v=dFSia1LZI4Y,False,0,2968743,1230,1,Beginner Level,0.11,2016-01-21T11:11:53Z,Graphic Design
vkSOIkNWCww,"How to Become a Graphic Designer | Everything About Graphic Design | Salary, Free Courses",https://www.youtube.com/watch?v=vkSOIkNWCww,False,0,1318835,1421,1,All Levels,0.12,2021-10-05T09:54:15Z,Graphic Design
rOhn4d0GzD8,How to become a Graphic designer | Complete Guide About Graphic Design,https://www.youtube.com/watch?v=rOhn4d0GzD8,False,0,645046,854,1,Beginner Level,0.16,2024-09-16T11:30:33Z,Graphic Design
wwo6Gdx3x7s,Where Do You Start As A Graphic Designer In 2025!?,https://www.youtube.com/watch?v=wwo6Gdx3x7s,False,0,306543,330,1,Expert Level,0.12,2024-11-25T11:25:07Z,Graphic Design
8JrVouzCxA0,Earn Money Online with Graphic Designing | घर बैठे कमाओ | Income Ideas by Him eesh Madaan,https://www.youtube.com/watch?v=8JrVouzCxA0,False,0,3298695,5889,1,All Levels,0.3,2022-03-27T05:09:54Z,Graphic Design
9Rz2DWRcmH8,Learn Graphic Design by Yourself: How to Become a Graphic Designer,https://www.youtube.com/watch?v=9Rz2DWRcmH8,False,0,72945,132,1,Beginner Level,0.1,2022-11-01T13:09:32Z,Graphic Design
i3vHFqyyxmg,First Step to Becoming A Graphic Designer - Hindi Tutorial,https://www.youtube.com/watch?v=i3vHFqyyxmg,False,0,536210,688,1,Beginner Level,0.11,2022-09-23T05:30:14Z,Graphic Design
YqQx75OPRa0,Beginning Graphic Design: Fundamentals,https://www.youtube.com/watch?v=YqQx75OPRa0,False,0,6437722,1632,1,All Levels,0.11,2017-07-13T19:50:53Z,Graphic Design
ZhTNQFWc_qg,Learn the Basics of Graphic Design,https://www.youtube.com/watch?v=ZhTNQFWc_qg,False,0,123649,134,1,Beginner Level,0.08,2020-04-21T14:00:15Z,Graphic Design
I4C-Smqsf7Y,FULL Graphic Design Course – Using Principles On Actual Designs!,https://www.youtube.com/watch?v=I4C-Smqsf7Y,False,0,188077,191,1,All Levels,0.29,2024-01-09T10:00:34Z,Graphic Design
pPTWDeZBPmc,Learn Graphic Design By Yourself,https://www.youtube.com/watch?v=pPTWDeZBPmc,False,0,1325561,1338,1,Beginner Level,0.2,2020-04-14T18:43:38Z,Graphic Design
MZ9Y9yvqV1c,Free Course | Complete Graphic Designing for Beginners 2026 | Learn Graphic Design From Scratch,https://www.youtube.com/watch?v=MZ9Y9yvqV1c,False,0,42709,84,1,Beginner Level,0.1,2025-11-14T13:30:35Z,Graphic Design
AAtkhH8u3Hw,How I would Master Graphic design in 15 Days If I had to Start Over! (15 Day Roadmap),https://www.youtube.com/watch?v=AAtkhH8u3Hw,False,0,115798,219,1,Beginner Level,0.18,2025-03-03T11:28:16Z,Graphic Design
JYg_-PiNFqU,Graphic Design FULL Course – MASTER Visual Communication,https://www.youtube.com/watch?v=JYg_-PiNFqU,False,0,123196,175,1,Expert Level,0.19,2023-11-21T11:00:01Z,Graphic Design
_xjl4-_3V9M,How to Become A Graphic Designer (If I Had to Start Over),https://www.youtube.com/watch?v=_xjl4-_3V9M,False,0,477400,495,1,Beginner Level,0.32,2024-06-19T12:00:42Z,Graphic Design
b1pGaR5ouZo,AI. & 2026 graphic design trends - Ep1,https://www.youtube.com/watch?v=b1pGaR5ouZo,False,0,69630,236,1,All Levels,0.31,2025-10-27T03:30:33Z,Graphic Design
qDzOERQmrXM,How to become a Graphic designer | Complete Guide,https://www.youtube.com/watch?v=qDzOERQmrXM,False,0,386491,388,1,Beginner Level,0.12,2024-11-08T12:30:44Z,Graphic Design
6j5AUi2cxvs,Canva Tutorial for Beginners 2025 | Everything you NEED to KNOW!,https://www.youtube.com/watch?v=6j5AUi2cxvs,False,0,170867,598,1,Beginner Level,0.33,2025-06-02T17:00:07Z,Graphic Design
VBjHsxWXLyg,BEST FREE Graphic Design Courses! | Learn Graphic Design For FREE!,https://www.youtube.com/watch?v=VBjHsxWXLyg,False,0,503488,802,1,All Levels,0.15,2021-09-05T08:04:19Z,Graphic Design
UmHMVU6dceA,Understanding the Principles of Design | Graphic Design Basic,https://www.youtube.com/watch?v=UmHMVU6dceA,False,0,597420,87,1,Beginner Level,0.17,2021-10-06T03:32:48Z,Graphic Design
kcuQskI-nR0,The ONLY Graphic Design Course On Shape Psychology You Need!,https://www.youtube.com/watch?v=kcuQskI-nR0,False,0,31710,50,1,Expert Level,0.23,2025-06-27T10:01:13Z,Graphic Design
FDFD2-poyGw,Graphic Design Principles Master-Class! (Ep 1 White Space),https://www.youtube.com/watch?v=FDFD2-poyGw,False,0,63695,88,1,Beginner Level,0.17,2025-07-15T10:02:14Z,Graphic Design
4QNEDhrsRLo,The ONLY Video On Visual Hierarchy ANY Graphic Designer Needs,https://www.youtube.com/watch?v=4QNEDhrsRLo,False,0,90309,95,1,Expert Level,0.29,2024-07-02T10:04:13Z,Graphic Design
Ojivbg9Qr3Y,Graphic Design in 2026 — The Tools Every Pro Is Switching To,https://www.youtube.com/watch?v=Ojivbg9Qr3Y,False,0,36602,117,1,Beginner Level,0.2,2025-11-25T12:00:44Z,Graphic Design
uAkmz47lKGg,How to Start Graphic Design in 30 Days🔥 | Beginner Roadmap,https://www.youtube.com/watch?v=uAkmz47lKGg,False,0,15114,44,1,Beginner Level,0.1,2025-07-24T13:10:02Z,Graphic Design
G9ANVduvyWs,how to be a graphic designer in 2025 (free resources & my best advice),https://www.youtube.com/watch?v=G9ANVduvyWs,False,0,249648,235,1,Beginner Level,0.22,2025-05-22T13:00:34Z,Graphic Design
C_xsQbDSubo,Graphic Design सीखो फ्री में | FREE Graphic Design Courses in 2025 | Complete Roadmap,https://www.youtube.com/watch?v=C_xsQbDSubo,False,0,216937,106,1,Beginner Level,0.13,2025-05-30T15:57:35Z,Graphic Design
cOg5l2U_sVs,BEST FREE Graphic Design Courses (with CERTIFICATES) 🔥| UI/UX Design Course | Saptarshi Prakash,https://www.youtube.com/watch?v=cOg5l2U_sVs,False,0,167760,86,1,Beginner Level,0.11,2023-12-13T14:40:01Z,Graphic Design
jzWxBuvwuwQ,MASTER CANVA IN 15 MINUTES! Canva Tutorial For Beginners,https://www.youtube.com/watch?v=jzWxBuvwuwQ,False,0,1313383,326,1,Beginner Level,0.27,2024-07-03T11:29:15Z,Graphic Design
UGhf3tVK--Y,Graphic Design CRASH-COURSE (Master The Psychology of Shapes),https://www.youtube.com/watch?v=UGhf3tVK--Y,False,0,39599,57,1,Expert Level,0.21,2024-11-13T13:34:56Z,Graphic Design
BNUaKOLW8XU,How To Become a Graphic Designer in 2024 | | Step-by-step Guide for Beginners | Anchal Tiwari,https://www.youtube.com/watch?v=BNUaKOLW8XU,False,0,124767,185,1,Beginner Level,0.24,2024-07-21T13:30:09Z,Graphic Design
Tu47KE2F7YA,How To Become A Graphic Designer (In 5 Steps),https://www.youtube.com/watch?v=Tu47KE2F7YA,False,0,220776,142,1,All Levels,0.16,2021-10-15T15:59:09Z,Graphic Design
UM-Y7Oq-9GE,How To Make Any Graphic Design INSTANTLY AMAZING!,https://www.youtube.com/watch?v=UM-Y7Oq-9GE,False,0,100897,81,1,Expert Level,0.14,2024-07-05T10:00:02Z,Graphic Design
U9DDxPBtJNA,01 | Introduction to Graphic Design | What is Graphic Design & why is it important?,https://www.youtube.com/watch?v=U9DDxPBtJNA,False,0,183259,264,1,Beginner Level,0.14,2020-10-27T18:49:28Z,Graphic Design
ZrNYTke11FQ,First Step to Graphic Designer Beginner Guide - Part 2 - Hindi Tutorial,https://www.youtube.com/watch?v=ZrNYTke11FQ,False,0,193921,293,1,Beginner Level,0.16,2023-06-23T12:30:16Z,Graphic Design
UuIAqzzUQw8,3 FREE Graphic Design Courses | Graphic Design FREE कैसे सीखे? | Earn in Lakhs!,https://www.youtube.com/watch?v=UuIAqzzUQw8,False,0,399935,209,1,Beginner Level,0.17,2021-08-11T08:00:54Z,Graphic Design
xh46eGQc0as,Graphic Designing | Graphic Designing क्या है ? | Salary कितनी  मिलेगी ? || [Hindi],https://www.youtube.com/watch?v=xh46eGQc0as,False,0,359010,188,1,All Levels,0.08,2021-07-08T00:30:08Z,Graphic Design
AXpxZMRM1EY,The ULTIMATE Guide To Typography For Beginners,https://www.youtube.com/watch?v=AXpxZMRM1EY,False,0,724319,392,1,Beginner Level,0.23,2024-08-06T18:15:05Z,Graphic Design
-a0bgFY1onU,Graphic Design FULL Course | Becoming An Advanced Designer,https://www.youtube.com/watch?v=-a0bgFY1onU,False,0,209452,162,1,Beginner Level,0.31,2023-08-25T11:11:48Z,Graphic Design
sFVdoC3CsZU,How to become a Graphic Designer | PAY YOUR OWN FEE 🚀 | Roadmap 🎯,https://www.youtube.com/watch?v=sFVdoC3CsZU,False,0,235461,629,1,Beginner Level,0.19,2024-06-14T10:30:30Z,Graphic Design
3NBKRywEbNs,Adobe Illustrator for Beginners: Get Started in 10 Minutes,https://www.youtube.com/watch?v=3NBKRywEbNs,False,0,3455545,1096,1,Beginner Level,0.16,2022-11-20T15:11:10Z,Graphic Design
ssC8O2kWWWA,Graphic Design Theory Class 1 Urdu / Hindi,https://www.youtube.com/watch?v=ssC8O2kWWWA,False,0,3706494,2795,1,All Levels,0.17,2017-10-23T09:34:01Z,Graphic Design
RWGqp8Z4dXo,How to Learn Graphic Design at Home | How to learn graphic design at home in mobile phone | Ep.4,https://www.youtube.com/watch?v=RWGqp8Z4dXo,False,0,173857,258,1,Beginner Level,0.14,2024-05-26T13:07:27Z,Graphic Design
7iY4QFqTlpE,What's Color Theory | Graphic Design Basic,https://www.youtube.com/watch?v=7iY4QFqTlpE,False,0,166038,25,1,Beginner Level,0.08,2021-10-06T03:22:54Z,Graphic Design
buvqoJL9DG0,Scope of Graphic Designing - اردو / हिंदी [Eng Sub],https://www.youtube.com/watch?v=buvqoJL9DG0,False,0,546612,1562,1,Beginner Level,0.16,2021-10-05T14:00:29Z,Graphic Design
x3dQsMkJgDg,what is UI vs UX design | Explained for beginners | Roadmap and Resources in Tamil,https://www.youtube.com/watch?v=x3dQsMkJgDg,False,0,340948,533,1,Beginner Level,0.11,2024-01-09T12:30:39Z,Graphic Design
PAYv-pXWIBQ,Principles of Graphic Design | Hindi,https://www.youtube.com/watch?v=PAYv-pXWIBQ,False,0,49518,451,1,Beginner Level,0.32,2024-10-26T12:15:04Z,Graphic Design
9DhC0QYij5I,5 Tips I Wish I Knew Before I Started Motion Design,https://www.youtube.com/watch?v=9DhC0QYij5I,False,0,715273,273,1,All Levels,0.07,2022-04-04T17:38:24Z,Graphic Design
5bTE5fbxDsc,Ukulele Lesson 1 -  Absolute Beginner? Start Here! [Free 10 Day Course],https://www.youtube.com/watch?v=5bTE5fbxDsc,False,0,13900123,0,1,Beginner Level,0.3,2018-09-01T11:00:01Z,Musical Instruments
tsblTl7xzEY,Music lesson  | Introduction to Musical Instruments | Part-1 |  Melody instruments |  by Edwin,https://www.youtube.com/watch?v=tsblTl7xzEY,False,0,1910,0,1,Beginner Level,0.22,2020-07-15T10:35:00Z,Musical Instruments
827jmswqnEA,Piano Lessons for Beginners: Part 1 - Getting Started! Learn some simple chords,https://www.youtube.com/watch?v=827jmswqnEA,False,0,17439518,7728,1,Beginner Level,0.16,2017-08-05T05:00:00Z,Musical Instruments
3tuQrKWLCKc,How I wish HARMONY was explained to me as a student,https://www.youtube.com/watch?v=3tuQrKWLCKc,False,0,2110362,2330,1,All Levels,0.14,2023-02-18T15:34:35Z,Musical Instruments
cqrIr78fCps,Meet the Guitar! | Kids Music Lessons,https://www.youtube.com/watch?v=cqrIr78fCps,False,0,79126,0,1,Beginner Level,0.12,2020-06-01T07:30:07Z,Musical Instruments
u0P7gh789RI,The Secret of Ear Training,https://www.youtube.com/watch?v=u0P7gh789RI,False,0,537573,824,1,Beginner Level,0.23,2022-10-18T22:57:56Z,Musical Instruments
8Ldj9PLhI1I,How To Figure Out The KEY Of A Song by EAR On Guitar | GUITAR EAR TRAINING,https://www.youtube.com/watch?v=8Ldj9PLhI1I,False,0,2574717,1713,1,All Levels,0.08,2022-04-17T14:00:35Z,Musical Instruments
T27UKc7M848,How To Read Music (For Beginners) - Basic Music Theory Course (Lesson 1),https://www.youtube.com/watch?v=T27UKc7M848,False,0,418774,270,1,Beginner Level,0.27,2020-03-16T19:00:07Z,Musical Instruments
_nq8sZJH1ho,I learnt How To Read & Write Any Music Notation in just 15 Minutes | Ep 1 | ☎️ +91 98719 45522,https://www.youtube.com/watch?v=_nq8sZJH1ho,False,0,2779638,3959,1,Beginner Level,0.28,2019-12-18T10:00:09Z,Musical Instruments
4SXQ_wlbWog,How to Play Piano: Day 1 - EASY First Lesson for Beginners,https://www.youtube.com/watch?v=4SXQ_wlbWog,False,0,8690028,4130,1,Beginner Level,0.21,2022-03-30T17:57:31Z,Musical Instruments
Wzqa44N-sIU,Basic Ear Training Exercises and Techniques for COMPLETE BEGINNERS,https://www.youtube.com/watch?v=Wzqa44N-sIU,False,0,687744,624,1,Beginner Level,0.14,2020-04-30T15:27:03Z,Musical Instruments
H7u6Ik7sMxM,How to identify the notes of any song? | VoxGuru ft. Pratibha Sarathy,https://www.youtube.com/watch?v=H7u6Ik7sMxM,False,0,2432004,3420,1,All Levels,0.11,2019-12-11T11:43:42Z,Musical Instruments
CuL6YJpiAIg,Easy First Piano Lesson - For Kids!,https://www.youtube.com/watch?v=CuL6YJpiAIg,False,0,4151365,0,1,Beginner Level,0.11,2020-10-05T19:39:27Z,Musical Instruments
9KZbADc2I8g,Beginner Recorder Lesson: learning the notes | Team Recorder,https://www.youtube.com/watch?v=9KZbADc2I8g,False,0,234289,177,1,Beginner Level,0.12,2022-02-17T14:00:04Z,Musical Instruments
bqUdZdhHGVI,Why You Need Ear Training - And How to Get Started!,https://www.youtube.com/watch?v=bqUdZdhHGVI,False,0,147210,35,1,Beginner Level,0.09,2020-05-28T09:56:52Z,Musical Instruments
ZN41d7Txcq0,How to read music - Tim Hansen,https://www.youtube.com/watch?v=ZN41d7Txcq0,False,0,7311934,7884,1,Beginner Level,0.09,2013-07-18T14:58:08Z,Musical Instruments
ACg9wSEqUGg,How I Learned to Play the Piano as an Adult (With No Experience),https://www.youtube.com/watch?v=ACg9wSEqUGg,False,0,163971,242,1,All Levels,0.09,2023-02-09T18:35:37Z,Musical Instruments
fqzH4KChvDA,"""Instruments 101: A Beginner's Guide to Musical Instruments""",https://www.youtube.com/watch?v=fqzH4KChvDA,False,0,160,0,1,Beginner Level,0.1,2023-08-02T08:06:22Z,Musical Instruments
XDsk6tZX55g,The Physics of Music: Crash Course Physics #19,https://www.youtube.com/watch?v=XDsk6tZX55g,False,0,827527,602,1,All Levels,0.18,2016-08-11T22:27:11Z,Musical Instruments
I3onhR6meQ0,Learn how to play sitar: Introduction to the instrument,https://www.youtube.com/watch?v=I3onhR6meQ0,False,0,170068,91,1,Beginner Level,0.1,2014-08-25T01:22:20Z,Musical Instruments
Tde91GvEHV8,"Learning Music - Wind, String, Percussion Instruments for Kids",https://www.youtube.com/watch?v=Tde91GvEHV8,False,0,5376283,0,1,Beginner Level,0.15,2018-08-09T15:30:01Z,Musical Instruments
ZnkyQCfKETw,Circle Time with Musical Instruments | Types of Musical Instruments for Preschoolers,https://www.youtube.com/watch?v=ZnkyQCfKETw,False,0,341958,0,1,All Levels,0.2,2018-12-18T18:30:00Z,Musical Instruments
PG_u4NDJtwU,Music Scales Explained in 6 Minutes,https://www.youtube.com/watch?v=PG_u4NDJtwU,False,0,439222,525,1,Beginner Level,0.11,2020-02-07T19:00:03Z,Musical Instruments
0A6XwFWD-z0,A music lesson | Instruments and musical figures for kids,https://www.youtube.com/watch?v=0A6XwFWD-z0,False,0,1100201,0,1,All Levels,0.24,2018-09-06T15:30:01Z,Musical Instruments
UmJOwNzrsec,"Harmonica Lessons for Kids: Lesson 1 (train sounds, part 1)",https://www.youtube.com/watch?v=UmJOwNzrsec,False,0,411858,0,1,All Levels,0.1,2020-04-20T09:00:12Z,Musical Instruments
3N7Ie3IVGtU,How to play Kazoo (LIKE A PRO),https://www.youtube.com/watch?v=3N7Ie3IVGtU,False,0,780826,608,1,All Levels,0.07,2019-09-25T08:30:00Z,Musical Instruments
XUERPM7NGN0,Easy First Drum Lesson - For Kids!,https://www.youtube.com/watch?v=XUERPM7NGN0,False,0,1379941,0,1,Beginner Level,0.1,2020-11-25T16:08:15Z,Musical Instruments
a8lZQnQZg_A,Musical Instruments Names and Sounds for Kids to Learn,https://www.youtube.com/watch?v=a8lZQnQZg_A,False,0,3370548,0,1,Beginner Level,0.16,2022-08-11T13:30:00Z,Musical Instruments
VK1Fe0mnXvE,Guitar Lesson 4 - Your First Riff! [10 Day Guitar Starter Course],https://www.youtube.com/watch?v=VK1Fe0mnXvE,False,0,2566047,1146,1,Beginner Level,0.21,2016-09-05T14:54:49Z,Musical Instruments
YfT0irsgB3Q,How to Count Basic Rhythms,https://www.youtube.com/watch?v=YfT0irsgB3Q,False,0,2155512,1827,1,All Levels,0.14,2021-06-29T07:59:28Z,Musical Instruments
gG36_DHeizM,How To Play Melodica Easily | From Amazon | Melodica Instrument Tutorial,https://www.youtube.com/watch?v=gG36_DHeizM,False,0,266723,169,1,Beginner Level,0.12,2020-01-18T13:38:54Z,Musical Instruments
OsT7WcoLXrY,First Singing Lesson for Kids- Solfege Lesson 1,https://www.youtube.com/watch?v=OsT7WcoLXrY,False,0,695144,0,1,Beginner Level,0.08,2022-08-23T21:45:01Z,Musical Instruments
iiL3K3ewfuc,This Arrangement Rule Will Change Your Music,https://www.youtube.com/watch?v=iiL3K3ewfuc,False,0,671292,1059,1,All Levels,0.12,2022-09-16T14:00:32Z,Musical Instruments
jrQT-MG8XgQ,What are SCALES and CHORDS in HINDI (MUSIC LESSON) 2020 | How to design CHORDS,https://www.youtube.com/watch?v=jrQT-MG8XgQ,False,0,180986,509,1,All Levels,0.26,2020-07-15T12:30:04Z,Musical Instruments
M0Jc4sP0BEE,George Meets the Orchestra | An Introduction to the Orchestra for Children,https://www.youtube.com/watch?v=M0Jc4sP0BEE,False,0,2847752,0,1,Beginner Level,0.1,2015-09-15T08:02:36Z,Musical Instruments
FFqEcr3dQfc,THE ORCHESTRA | INSTRUMENTS OF THE ORCHESTRA | CONDUCTOR | LESSON #2 | MUSICAL INSTRUMENTS,https://www.youtube.com/watch?v=FFqEcr3dQfc,False,0,902759,0,1,Beginner Level,0.22,2021-09-23T14:13:46Z,Musical Instruments
Tq3Q1KNlhRQ,Musical Instruments | General Knowledge | Chapter 37 | Class 2 | Most Engaging Lesson for kids,https://www.youtube.com/watch?v=Tq3Q1KNlhRQ,False,0,2963,0,1,Expert Level,0.08,2021-01-29T05:23:15Z,Musical Instruments
kzjNdhq6NtI,How to Make Guitar/Ukulele at Home | DIY Instruments,https://www.youtube.com/watch?v=kzjNdhq6NtI,False,0,1123887,0,1,All Levels,0.09,2022-01-16T13:00:18Z,Musical Instruments
OYKuVnb8uFU,GK - Musical Instruments,https://www.youtube.com/watch?v=OYKuVnb8uFU,False,0,1094,0,1,All Levels,0.12,2020-09-30T03:15:27Z,Musical Instruments
Lt-fYFq6uYI,"🎵 Music Notes Explained! 🎼 | Whole, Half, Quarter, Eighth & Sixteenth Notes | Green Bean's Music""",https://www.youtube.com/watch?v=Lt-fYFq6uYI,False,0,2010487,0,1,Beginner Level,0.08,2019-07-19T11:30:00Z,Musical Instruments
lql92_54KrQ,HOW TO PLAY DRUMS - Beginner Drum Lesson #1,https://www.youtube.com/watch?v=lql92_54KrQ,False,0,2358575,1001,1,Beginner Level,0.23,2020-10-10T12:30:03Z,Musical Instruments
vstp5yeZVKY,"Easy Piano Tutorial | How to play ""Happy Birthday to You!"" for Beginners",https://www.youtube.com/watch?v=vstp5yeZVKY,False,0,893979,0,1,Beginner Level,0.19,2021-10-12T17:08:47Z,Musical Instruments
a6UbP7mWQAc,#01 घर बैठे सीखें Piano बजाना - Piano classes : Whatsapp 8349102478,https://www.youtube.com/watch?v=a6UbP7mWQAc,False,0,1084538,739,1,Beginner Level,0.2,2020-06-03T03:16:55Z,Musical Instruments
MFnhEPeQYfI,27 MUSICAL INSTRUMENTS OF NEPAL | LESSON #69 |  LEARNING MUSIC HUB,https://www.youtube.com/watch?v=MFnhEPeQYfI,False,0,91230,92,1,Beginner Level,0.27,2023-09-14T14:59:23Z,Musical Instruments
0fckQLQWhe0,INSTANTLY Improve Your Mixes! [Ear Training For Mixing & Music Production],https://www.youtube.com/watch?v=0fckQLQWhe0,False,0,654310,477,1,All Levels,0.11,2022-04-21T13:15:00Z,Musical Instruments
esPh3W9Bz4M,TOP THREE Handpan Practices | Tutorial,https://www.youtube.com/watch?v=esPh3W9Bz4M,False,0,109581,111,1,Beginner Level,0.13,2022-10-10T15:00:36Z,Musical Instruments
VTmk_ADNOgg,Sweet Beets Pilot | Music Lessons For Kids From The Preschool Prodigies Music Curriculum,https://www.youtube.com/watch?v=VTmk_ADNOgg,False,0,1106109,0,1,All Levels,0.07,2014-09-16T05:01:00Z,Musical Instruments
Lw033a5Nozw,How to Play Your First Rhythm on Bongos--A Lesson for Beginners,https://www.youtube.com/watch?v=Lw033a5Nozw,False,0,3568458,0,1,Beginner Level,0.07,2011-05-26T13:40:11Z,Musical Instruments
i4zGDoRvn5o,Scale for Beginners. Start Here.,https://www.youtube.com/watch?v=i4zGDoRvn5o,False,0,1675770,808,1,Beginner Level,0.2,2020-05-22T20:09:45Z,Musical Instruments
vVI2a1_1Cn0,How to Play Any Song by Ear | Piano Tutorial,https://www.youtube.com/watch?v=vVI2a1_1Cn0,False,0,195533,177,1,Beginner Level,0.2,2023-06-07T10:00:09Z,Musical Instruments
ysEN5RaKOlA,Learn web development as an absolute beginner,https://www.youtube.com/watch?v=ysEN5RaKOlA,False,0,3137105,3872,1,Beginner Level,0.22,2019-11-24T22:38:49Z,Web Development
MkcfB7S4fq0,How to Start Web Development? Complete Roadmap for FullStack Developer | 2022,https://www.youtube.com/watch?v=MkcfB7S4fq0,False,0,3951592,4208,1,All Levels,0.26,2022-04-16T15:16:43Z,Web Development
GxmfcnU3feo,The Complete Web Development Roadmap,https://www.youtube.com/watch?v=GxmfcnU3feo,False,0,1058536,767,1,All Levels,0.25,2024-07-25T13:00:16Z,Web Development
voXYG17rhQA,WEB DEVELOPMENT COMPLETE ROADMAP FOR BEGINNERS 🔥,https://www.youtube.com/watch?v=voXYG17rhQA,False,0,564938,564,1,Beginner Level,0.1,2024-05-16T05:37:43Z,Web Development
-s3InudNIrM,Web Development Tutorial - For Complete Beginners!,https://www.youtube.com/watch?v=-s3InudNIrM,False,0,94988,95,1,Beginner Level,0.18,2021-01-05T12:17:08Z,Web Development
NWnBxQjssvQ,Fastest way to become a Web Developer in 2025,https://www.youtube.com/watch?v=NWnBxQjssvQ,False,0,971489,931,1,All Levels,0.16,2024-01-20T13:30:19Z,Web Development
kNuOzrbTfJQ,Web Developer कैसे बने? | 3 Best Free Courses to Become a Web Developer [Complete Guide],https://www.youtube.com/watch?v=kNuOzrbTfJQ,False,0,560142,268,1,Expert Level,0.19,2021-11-16T16:37:15Z,Web Development
TG6XSFeOT3g,How I'd Learn Web Development (If I Could Start Over),https://www.youtube.com/watch?v=TG6XSFeOT3g,False,0,1044786,1356,1,All Levels,0.12,2023-03-14T00:00:09Z,Web Development
z0n1aQ3IxWI,What is Web Development ? Complete RoadMap from Basics to Advanced | 2023,https://www.youtube.com/watch?v=z0n1aQ3IxWI,False,0,2444952,3091,1,Beginner Level,0.25,2023-10-01T15:48:34Z,Web Development
WR1ydijTx5E,"How I Learned to Code in 4 Months & Got a Job! (No CS Degree, No Bootcamp)",https://www.youtube.com/watch?v=WR1ydijTx5E,False,0,8407606,8978,1,All Levels,0.16,2023-06-13T18:52:08Z,Web Development
uNZwUdfU43Q,Complete Full Stack Web Development Preparation : MERN Stack + 6 Major Projects | New Delta 8.0 🚀,https://www.youtube.com/watch?v=uNZwUdfU43Q,False,0,124365,612,1,All Levels,0.27,2025-11-14T15:56:02Z,Web Development
j3PC7UKxgdQ,How to actually get good at web development,https://www.youtube.com/watch?v=j3PC7UKxgdQ,False,0,36956,92,1,Beginner Level,0.13,2025-08-15T13:01:22Z,Web Development
lQrcQ3e4mkA,2025 Roadmap for web development (100% free resources),https://www.youtube.com/watch?v=lQrcQ3e4mkA,False,0,141390,262,1,Beginner Level,0.26,2025-05-06T14:01:14Z,Web Development
XBu54nfzxAQ,Backend web development - a complete overview,https://www.youtube.com/watch?v=XBu54nfzxAQ,False,0,2426479,1918,1,All Levels,0.22,2021-10-19T15:00:21Z,Web Development
NkwFxeHARqc,Web Development Roadmap 2025 with GenAI,https://www.youtube.com/watch?v=NkwFxeHARqc,False,0,484396,2460,1,All Levels,0.32,2024-11-28T15:09:58Z,Web Development
l1EssrLxt7E,Introduction to Web Development | World's most premium Web Development Course | Lecture 0 (Reupload),https://www.youtube.com/watch?v=l1EssrLxt7E,False,0,7265192,6492,1,Beginner Level,0.19,2020-12-12T13:59:05Z,Web Development
5AhLRjkFeZk,5 Mistakes Beginner Web Developers Make (Avoid These),https://www.youtube.com/watch?v=5AhLRjkFeZk,False,0,249963,578,1,Beginner Level,0.2,2024-12-11T11:30:02Z,Web Development
vQcHPQJ4Ujs,Which one to Choose - Web Development vs App Development ?,https://www.youtube.com/watch?v=vQcHPQJ4Ujs,False,0,1230676,1971,1,All Levels,0.21,2024-03-07T16:38:47Z,Web Development
iZb0NsF3Xwg,My Last Video | Sigma Web Development Course - Tutorial #139,https://www.youtube.com/watch?v=iZb0NsF3Xwg,False,0,578450,3193,1,All Levels,0.14,2024-11-11T11:30:25Z,Web Development
2F2wGFyJ96k,Web Development Roadmap 2025 - No BS Guide,https://www.youtube.com/watch?v=2F2wGFyJ96k,False,0,23511,118,1,Beginner Level,0.2,2025-08-05T15:12:12Z,Web Development
WG5ikvJ2TKA,Frontend web development - a complete overview,https://www.youtube.com/watch?v=WG5ikvJ2TKA,False,0,524783,359,1,All Levels,0.1,2021-08-18T02:25:25Z,Web Development
dPMk6_HTBq8,How I'd Learn Full-Stack Web Development (If I Could Start Over),https://www.youtube.com/watch?v=dPMk6_HTBq8,False,0,615692,490,1,Expert Level,0.17,2023-08-18T13:30:12Z,Web Development
Tef1e9FiSR0,The Complete Frontend Developer Roadmap,https://www.youtube.com/watch?v=Tef1e9FiSR0,False,0,543631,518,1,Beginner Level,0.15,2024-05-28T13:00:06Z,Web Development
shN0HNnvaoM,How I'd Learn Front End Web Development (If I Could Start Over),https://www.youtube.com/watch?v=shN0HNnvaoM,False,0,78776,102,1,Beginner Level,0.14,2024-05-14T21:00:34Z,Web Development
gQojMIhELvM,Web Development Tutorial For Beginners - how to make a website,https://www.youtube.com/watch?v=gQojMIhELvM,False,0,1414592,659,1,Beginner Level,0.09,2018-08-01T16:00:07Z,Web Development
DbRXv5TXMEE,Front End Developer RoadMap - for Jobs in 2024,https://www.youtube.com/watch?v=DbRXv5TXMEE,False,0,953101,1617,1,All Levels,0.29,2024-02-23T16:20:05Z,Web Development
0HyIda5eub8,Learn Coding & Get a Job (in 2025) 🔥,https://www.youtube.com/watch?v=0HyIda5eub8,False,0,4135224,6021,1,Beginner Level,0.28,2025-01-08T13:24:58Z,Web Development
CyRlWlaJnTY,SEO and Core Web Vitals in HTML | Sigma Web Development Course - Tutorial #6,https://www.youtube.com/watch?v=CyRlWlaJnTY,False,0,976857,4834,1,Beginner Level,0.22,2023-10-01T13:49:07Z,Web Development
ee2oaTBS9Sk,The Web Dev Roadmap I Wish I Had (No One Tells You This!),https://www.youtube.com/watch?v=ee2oaTBS9Sk,False,0,19395,56,1,Beginner Level,0.07,2025-07-16T20:52:46Z,Web Development
6mbwJ2xhgzM,"Introduction to HTML, CSS, JavaScript & How websites work? | Web Development Tutorials #1",https://www.youtube.com/watch?v=6mbwJ2xhgzM,False,0,8597842,17164,1,Beginner Level,0.31,2019-12-25T08:12:47Z,Web Development
NoWRBo3Uf8E,"Backend, Node.js & npm | Sigma Web Development Course - Tutorial #85",https://www.youtube.com/watch?v=NoWRBo3Uf8E,False,0,348175,781,1,All Levels,0.29,2023-12-28T16:27:04Z,Web Development
1IVopxj8q8U,How to Become Full Stack Web Developer in 2025 | Full Stack Web Development Course | Full Stack,https://www.youtube.com/watch?v=1IVopxj8q8U,False,0,105499,120,1,Beginner Level,0.17,2024-12-27T14:00:01Z,Web Development
erEgovG9WBs,100+ Web Development Things you Should Know,https://www.youtube.com/watch?v=erEgovG9WBs,False,0,1859306,1869,1,Beginner Level,0.22,2022-06-14T16:39:51Z,Web Development
iR0VxclSHVk,Full Stack Web Development Course 2025 | Free Certificate & Job-Ready Skills!,https://www.youtube.com/watch?v=iR0VxclSHVk,False,0,6175,77,1,Beginner Level,0.09,2025-05-29T09:45:06Z,Web Development
BGeDBfCIqas,Basic Structure of an HTML Website | Sigma Web Development Course - Tutorial #3,https://www.youtube.com/watch?v=BGeDBfCIqas,False,0,1456655,7917,1,Beginner Level,0.19,2023-09-28T16:41:18Z,Web Development
i1d9HoPdBz0,Web Developer vs Web Designer | Which One is for You?,https://www.youtube.com/watch?v=i1d9HoPdBz0,False,0,277131,194,1,All Levels,0.07,2021-10-22T17:00:37Z,Web Development
1BsVhumGlNc,"Image, Lists, and Tables in HTML | Sigma Web Development Course - Tutorial #5",https://www.youtube.com/watch?v=1BsVhumGlNc,False,0,1329039,9893,1,Beginner Level,0.31,2023-09-30T14:30:00Z,Web Development
1dkfuga2_Ps,Introduction to CSS | Sigma Web Development Course - Tutorial #14,https://www.youtube.com/watch?v=1dkfuga2_Ps,False,0,562127,3966,1,Beginner Level,0.15,2023-10-09T13:03:17Z,Web Development
RGaW82k4dK4,It took me 10+ years to realize what I’ll tell you in 8 minutes,https://www.youtube.com/watch?v=RGaW82k4dK4,False,0,2490951,6376,1,Beginner Level,0.14,2025-05-26T11:00:43Z,Web Development
0tZFQs7qBfQ,Web 3.0 Explained In 5 Minutes | What Is Web 3.0 ? | Web3 For Beginners | Web 3.0 | Simplilearn,https://www.youtube.com/watch?v=0tZFQs7qBfQ,False,0,876333,1621,1,Beginner Level,0.12,2022-05-17T15:06:47Z,Web Development
nXba2-mgn1k,"Heading, Paragraphs and Links | Sigma Web Development Course - Tutorial #4",https://www.youtube.com/watch?v=nXba2-mgn1k,False,0,1335184,7532,1,Beginner Level,0.33,2023-09-29T15:45:43Z,Web Development
pEbLp4ACl-g,Web Development full course Class no 0 || Introduction of Web Development || Learn from Scratch.,https://www.youtube.com/watch?v=pEbLp4ACl-g,False,0,92667,118,1,Beginner Level,0.14,2021-07-11T01:00:08Z,Web Development
salY_Sm6mv4,HTML in 5 minutes,https://www.youtube.com/watch?v=salY_Sm6mv4,False,0,939038,666,1,All Levels,0.09,2020-11-30T17:00:14Z,Web Development
2jmiNO3jwrA,Is It Still Worth Learning to Code? (The Truth),https://www.youtube.com/watch?v=2jmiNO3jwrA,False,0,599136,1973,1,Beginner Level,0.28,2025-10-23T13:38:27Z,Web Development
tLBlhp0SA_0,Forms and input tags in HTML | Sigma Web Development Course - Tutorial #7,https://www.youtube.com/watch?v=tLBlhp0SA_0,False,0,1003177,7038,1,Beginner Level,0.25,2023-10-02T15:13:49Z,Web Development
C72WkcUZvco,FREE Web Design Course (2020): Introduction to Web Design | Episode 1,https://www.youtube.com/watch?v=C72WkcUZvco,False,0,1331652,707,1,Beginner Level,0.14,2020-04-15T16:00:06Z,Web Development
eHye3PxH4jU,CSS Media Queries | Sigma Web Development Course - Tutorial #31,https://www.youtube.com/watch?v=eHye3PxH4jU,False,0,455633,1483,1,All Levels,0.19,2023-10-26T16:30:10Z,Web Development
DHGhFJZLKMs,"What is HTML, CSS, and JavaScript?",https://www.youtube.com/watch?v=DHGhFJZLKMs,False,0,116071,167,1,Beginner Level,0.11,2021-10-15T16:07:04Z,Web Development
Sxxw3qtb3_g,How to OVER Engineer a Website // What is a Tech Stack?,https://www.youtube.com/watch?v=Sxxw3qtb3_g,False,0,2875400,3049,1,Beginner Level,0.19,2021-09-24T14:41:18Z,Web Development
m4WLln2UMzk,What is Web Development ? How to Start Your Journey in Web Development & Get Internships From ZERO,https://www.youtube.com/watch?v=m4WLln2UMzk,False,0,128550,185,1,Beginner Level,0.22,2023-09-23T14:30:10Z,Web Development
